id,retailer,fascia,store_name,add_one,add_two,town,locality,postcode,long_wgs,lat_wgs,bng_e,bng_n,pqi,open_date,close_date,size_band,size_sqft,size_sqm,store_reviews,store_score
1010000006,Aldi,Aldi,Aldi Sparkbrook Birmingham,273 Stratford Road,Sparkbrook,Birmingham,Sparkbrook,B11 1QS,-1.8724443640000001,52.45972584,408764.05,284649.62,Rooftop geocoded by Geolytix,0,0,"3,013 < 15,069 ft2 (280 < 1,400 m2)","Between 3,013 and 15,069","Between 280 and 1,400",931 reviews,4.0
1010000007,Aldi,Aldi,Aldi Warstock Birmingham,Alcester Road,Maypole Lane,Birmingham,Warstock,B14 5JE,-1.886341609,52.40541544,407829.25,278606.87,Rooftop geocoded by Geolytix,0,0,"15,069 < 30,138 ft2 (1,400 < 2,800 m2)","Between 15,069 and 30,138","Between 1,400 and 2,800",894 reviews,4.1
1010000008,Aldi,Aldi,Aldi Aston Birmingham,High Street,Newtown,Birmingham,Aston,B19 2SS,-1.8969345969999998,52.49675172,407094.15,288765.55,Rooftop geocoded by Geolytix,0,0,"3,013 < 15,069 ft2 (280 < 1,400 m2)","Between 3,013 and 15,069","Between 280 and 1,400",617 reviews,4.1
1010000009,Aldi,Aldi,Aldi Lyndon Green Birmingham,New Coventry Road,,Birmingham,Lyndon Green,B26 3HP,-1.7929069119999999,52.45498959,414169.89,284135.28,Rooftop geocoded by Geolytix,0,0,"3,013 < 15,069 ft2 (280 < 1,400 m2)","Between 3,013 and 15,069","Between 280 and 1,400",743 reviews,4.2
1010000010,Aldi,Aldi,Aldi Acocks Green Birmingham,Warwick Road,,Birmingham,Acocks Green,B27 6RH,-1.8168264490000001,52.44467169,412547.36,282983.19,Rooftop geocoded by Geolytix,0,0,"3,013 < 15,069 ft2 (280 < 1,400 m2)","Between 3,013 and 15,069","Between 280 and 1,400",636 reviews,4.2
1010000011,Aldi,Aldi,Aldi Selly Oak Birmingham,Bristol Road,,Birmingham,Selly Oak,B29 6AE,-1.935692985,52.44442854,404468.0,282942.34,Rooftop geocoded by Geolytix,0,0,"3,013 < 15,069 ft2 (280 < 1,400 m2)","Between 3,013 and 15,069","Between 280 and 1,400","1,149 reviews",4.2
1010000012,Aldi,Aldi,Aldi Northfield Birmingham,860 Bristol Road South,,Birmingham,Northfield,B31 2NS,-1.9719097159999999,52.41327594,402007.66,279475.54,Rooftop geocoded by Geolytix,0,0,"3,013 < 15,069 ft2 (280 < 1,400 m2)","Between 3,013 and 15,069","Between 280 and 1,400","1,025 reviews",4.1
1010000015,Aldi,Aldi,Aldi Kingstanding Birmingham,College Road,,Birmingham,Kingstanding,B44 0HL,-1.8743983969999998,52.53747558,408616.27,293297.92,Rooftop geocoded by Geolytix,0,0,"3,013 < 15,069 ft2 (280 < 1,400 m2)","Between 3,013 and 15,069","Between 280 and 1,400",830 reviews,4.3
1010000016,Aldi,Aldi,Aldi Edgbaston Birmingham,Edgbaston Road,,Birmingham,Edgbaston,B5 7QS,-1.9054703469999998,52.45477595,406520.75,284095.58,Rooftop geocoded by Geolytix,0,0,"3,013 < 15,069 ft2 (280 < 1,400 m2)","Between 3,013 and 15,069","Between 280 and 1,400","1,154 reviews",4.3
1010000020,Aldi,Aldi,Aldi Sutton Coldfield Birmingham,101 The Parade,,Birmingham,Sutton Coldfield,B72 1PL,-1.8243507469999998,52.56087699,412004.54,295908.08,Rooftop geocoded by Geolytix,0,0,"15,069 < 30,138 ft2 (1,400 < 2,800 m2)","Between 15,069 and 30,138","Between 1,400 and 2,800",405 reviews,4.2
1010000021,Aldi,Aldi,Aldi New Oscott Birmingham,Chester Road,,Birmingham,New Oscott,B73 5DA,-1.858010486,52.54694186,409725.75,294352.97,Rooftop geocoded by Geolytix,0,0,"3,013 < 15,069 ft2 (280 < 1,400 m2)","Between 3,013 and 15,069","Between 280 and 1,400",750 reviews,4.2
1010000023,Aldi,Aldi,Aldi Hodge Hill Birmingham,Beaufort Park,,Birmingham,Hodge Hill,B8 2AN,-1.817202831,52.49316309,412508.15,288377.06,Rooftop geocoded by Geolytix,0,0,"3,013 < 15,069 ft2 (280 < 1,400 m2)","Between 3,013 and 15,069","Between 280 and 1,400",747 reviews,4.3
1010000025,Aldi,Aldi,Aldi Alum Rock Birmingham,Bordesley Green East,,Birmingham,Alum Rock,B9 5SP,-1.82350308,52.47927632,412084.16,286831.3,Rooftop geocoded by Geolytix,0,0,"3,013 < 15,069 ft2 (280 < 1,400 m2)","Between 3,013 and 15,069","Between 280 and 1,400",626 reviews,4.2
1010000546,Asda,Asda Superstore,Asda Small Heath Superstore,859 Coventry Road,,Birmingham,Bordesley,B10 0HH,-1.84250808,52.46382272,410797.14,285109.34,Rooftop geocoded by Geolytix,0,0,"30,138 ft2 > (2,800 m2)","Over 30,138","Over 2,800",379 reviews,3.4
1010000547,Asda,Asda Superstore,Asda Barnes Hill Superstore,Barnes Hill Road,Barnes Hill,Birmingham,Bartley Green,B29 5UP,-1.979321425,52.44276011,401502.6,282755.02,Rooftop geocoded by Geolytix,0,0,"30,138 ft2 > (2,800 m2)","Over 30,138","Over 2,800",298 reviews,3.8
1010000549,Asda,Asda Superstore,Asda Perry Barr Superstore,Walsall Road,,Birmingham,Perry Barr,B42 1AB,-1.9021987280000001,52.51843563,406733.51,291177.08,Rooftop geocoded by Geolytix,0,0,"30,138 ft2 > (2,800 m2)","Over 30,138","Over 2,800",245 reviews,3.7
1010000550,Asda,Asda Superstore,Asda Queslett Superstore,6 Old Horns Crescent,Off Quesley Road,Birmingham,Old Oscott,B43 7HA,-1.909985099,52.55121106,406200.62,294822.21,Rooftop geocoded by Geolytix,0,0,"30,138 ft2 > (2,800 m2)","Over 30,138","Over 2,800",323 reviews,4.0
1010000888,Asda,Asda Supercentre,Asda Minworth Supercentre,Walmley Ash Road,Sutton Coldfield,Birmingham,Walmley,B76 1XL,-1.7803108630000002,52.53274105,414999.57,292786.51,Rooftop geocoded by Geolytix,0,0,"30,138 ft2 > (2,800 m2)","Over 30,138","Over 2,800",361 reviews,3.9
1010000937,Asda,Asda Supermarket,Asda Kings Heath Supermarket,99 High Street,Kings Heath,Birmingham,Moseley,B14 7BW,-1.892049059,52.43540377,407436.0,281942.0,Rooftop geocoded by Geolytix,0,0,"15,069 < 30,138 ft2 (1,400 < 2,800 m2)","Between 15,069 and 30,138","Between 1,400 and 2,800",194 reviews,3.8
1010000939,Asda,Asda Supermarket,Asda Sheldon Supermarket,105 Kelynmead Road,Sheldon,Birmingham,Lyndon Green,B33 8LF,-1.790701523,52.47762872,414312.47,286653.97,Rooftop geocoded by Geolytix,0,0,"3,013 < 15,069 ft2 (280 < 1,400 m2)","Between 3,013 and 15,069","Between 280 and 1,400",78 reviews,3.8
1010000940,Asda,Asda Supermarket,Asda Bordersley Green Supermarket,271 Bordesley Green,,Birmingham,Bordesley,B9 5EY,-1.84946906,52.47716175,410321.12,286592.1,Rooftop geocoded by Geolytix,0,0,"3,013 < 15,069 ft2 (280 < 1,400 m2)","Between 3,013 and 15,069","Between 280 and 1,400",89 reviews,3.4
1010001326,Marks and Spencer,Marks and Spencer,M&S Birmingham,42 High Street,,Birmingham,Central Birmingham,B4 7SS,-1.893860534,52.479384200000005,407305.68,286833.97,Rooftop geocoded by Geolytix,0,0,"15,069 < 30,138 ft2 (1,400 < 2,800 m2)","Between 15,069 and 30,138","Between 1,400 and 2,800","2,104 reviews",4.2
1010001327,Marks and Spencer,Marks and Spencer,M&S Sutton Coldfield,32 Parade,Grace Church Centre,Birmingham,Sutton Coldfield,B72 1PD,-1.8245802919999998,52.56257641,411988.52,296097.08,Rooftop geocoded by Geolytix,0,0,"3,013 < 15,069 ft2 (280 < 1,400 m2)","Between 3,013 and 15,069","Between 280 and 1,400",492 reviews,4.1
1010001855,Marks and Spencer,Marks and Spencer Outlet,M&S Perry Barr Outlet,Unit 3 One Stop Shopping Park,,Birmingham,Perry Barr,B42 1AB,-1.9060968,52.51857354,406468.98,291192.07,Rooftop geocoded by Geolytix,0,0,"3,013 < 15,069 ft2 (280 < 1,400 m2)","Between 3,013 and 15,069","Between 280 and 1,400",602 reviews,4.0
1010001898,Marks and Spencer,Marks and Spencer Simply Food,M&S Harborne SF,28-40 High Street,Harborne,Birmingham,Harborne,B17 9NE,-1.9437106380000002,52.46049082,403921.65,284728.57,Rooftop geocoded by Geolytix,0,0,"3,013 < 15,069 ft2 (280 < 1,400 m2)","Between 3,013 and 15,069","Between 280 and 1,400",218 reviews,4.3
1010001899,Marks and Spencer,Marks and Spencer Simply Food,M&S Princess Park SF,Princes Park,Chester Road North,Birmingham,New Oscott,B73 6RB,-1.86088197,52.55089927,409530.18,294792.8,Rooftop geocoded by Geolytix,0,0,"3,013 < 15,069 ft2 (280 < 1,400 m2)","Between 3,013 and 15,069","Between 280 and 1,400",138 reviews,4.4
1010002084,Marks and Spencer,Marks and Spencer Travel SF,M&S New Street Birmingham SF,Unit 9 Birmingham New Street Station,,Birmingham,Central Birmingham,B2 4ND,-1.8994978930000002,52.47775546,406923.06,286652.25,Rooftop geocoded by Geolytix,0,0,"< 3,013 ft2 (280m2)","Less than 3,013",Less than 280,45 reviews,3.8
1010002141,Morrisons,Morrisons,Morrisons Bordesley Birmingham,280 Coventry Road,Small Heath,Birmingham,Bordesley,B10 0XA,-1.8644985980000002,52.47385269,409301.0,286222.0,Rooftop geocoded by Geolytix,0,0,"30,138 ft2 > (2,800 m2)","Over 30,138","Over 2,800",612 reviews,4.1
1010002142,Morrisons,Morrisons,Morrisons Edgbaston Birmingham,30 Hagley Road,,Birmingham,Edgbaston,B16 8PE,-1.9220067280000002,52.47170191,405395.0,285977.0,Rooftop geocoded by Geolytix,0,0,"15,069 < 30,138 ft2 (1,400 < 2,800 m2)","Between 15,069 and 30,138","Between 1,400 and 2,800","1,926 reviews",4.1
1010002144,Morrisons,Morrisons,Morrisons Sheldon Birmingham,2259-2297 Coventry Road,Sheldon,Birmingham,Sheldon,B26 3PU,-1.7783476040000001,52.45090164,415160.65,283683.49,Rooftop geocoded by Geolytix,0,0,"30,138 ft2 > (2,800 m2)","Over 30,138","Over 2,800","1,335 reviews",4.1
1010002146,Morrisons,Morrisons,Morrisons Rubery Birmingham,Rubery,,Birmingham,Rubery,B45 9NY,-2.005437255,52.39676423,399727.02,277638.53,Rooftop geocoded by Geolytix,0,0,"30,138 ft2 > (2,800 m2)","Over 30,138","Over 2,800","1,421 reviews",4.1
1010002776,Sainsburys,Sainsburys,Sainsburys Maypole,1059-1061 Alcester Road South,,Birmingham,Warstock,B14 5TN,-1.885407575,52.40423801,407893.0,278476.0,Rooftop geocoded by Geolytix,0,0,"30,138 ft2 > (2,800 m2)","Over 30,138","Over 2,800","1,095 reviews",4.0
1010002777,Sainsburys,Sainsburys,Sainsburys Kings Heath,38-54 Alcester Road South,,Birmingham,Moseley,B14 7PT,-1.893392496,52.43129196,407345.34,281484.49,Rooftop geocoded by Geolytix,0,0,"15,069 < 30,138 ft2 (1,400 < 2,800 m2)","Between 15,069 and 30,138","Between 1,400 and 2,800",578 reviews,4.0
1010002779,Sainsburys,Sainsburys,Sainsburys Selly Oak,1 Chapel Lane,,Birmingham,Selly Oak,B29 6SJ,-1.939655862,52.44054387,404199.0,282510.0,Rooftop geocoded by Geolytix,0,0,"15,069 < 30,138 ft2 (1,400 < 2,800 m2)","Between 15,069 and 30,138","Between 1,400 and 2,800","1,165 reviews",4.0
1010002780,Sainsburys,Sainsburys,Sainsburys Northfield,Frankley Beeches Road,,Birmingham,Northfield,B31 5AA,-1.974360324,52.4125884,401841.0,279399.0,Rooftop geocoded by Geolytix,0,0,"30,138 ft2 > (2,800 m2)","Over 30,138","Over 2,800","1,169 reviews",4.0
1010002781,Sainsburys,Sainsburys,Sainsburys Castle Vale,Castle Vale Retail Park,Chester Road,Birmingham,Tyburn,B35 6HB,-1.796356475,52.51769031,413915.84,291109.14,Rooftop geocoded by Geolytix,0,0,"30,138 ft2 > (2,800 m2)","Over 30,138","Over 2,800","1,483 reviews",4.0
1010002784,Sainsburys,Sainsburys,Sainsburys Mere Grn,30 Mere Green Road,,Birmingham,Mere Green,B75 5BT,-1.8256018669999998,52.586931799999995,411912.73,298806.13,Rooftop geocoded by Geolytix,0,0,"30,138 ft2 > (2,800 m2)","Over 30,138","Over 2,800",637 reviews,4.0
1010003351,Sainsburys,Sainsburys Local,Sainsburys Brindley Place Local,10 Brindley Place,,Birmingham,Central Birmingham,B1 2JB,-1.9129103369999998,52.47652985,406012.26,286514.74,Rooftop geocoded by Geolytix,0,0,"< 3,013 ft2 (280m2)","Less than 3,013",Less than 280,33 reviews,3.9
1010003352,Sainsburys,Sainsburys Local,Sainsburys Alcester Road Local,158-162 Alcester Road,,Birmingham,Moseley,B13 8HS,-1.8878505890000001,52.44743014,407719.36,283280.18,Rooftop geocoded by Geolytix,0,0,"< 3,013 ft2 (280m2)","Less than 3,013",Less than 280,23 reviews,4.4
1010003353,Sainsburys,Sainsburys Local,Sainsburys Harborne High Street Local,77a-79a High Street,Harborne High Street Local,Birmingham,Harborne,B17 9NS,-1.945909567,52.46002975,403772.28,284677.17,Rooftop geocoded by Geolytix,0,0,"< 3,013 ft2 (280m2)","Less than 3,013",Less than 280,12 reviews,3.7
1010003354,Sainsburys,Sainsburys Local,Sainsburys Martineau Place,17 Union Street,,Birmingham,Central Birmingham,B2 4SJ,-1.896290732,52.48012946,407140.51,286916.63,Rooftop geocoded by Geolytix,0,0,"3,013 < 15,069 ft2 (280 < 1,400 m2)","Between 3,013 and 15,069","Between 280 and 1,400",104 reviews,3.6
1010003355,Sainsburys,Sainsburys Local,Sainsburys Selly Oak Bristol Road Local,Bristol Road,Selly Oak,Birmingham,Selly Oak,B29 6BD,-1.931610766,52.44605920000001,404745.3,283123.98,Rooftop geocoded by Geolytix,0,0,"< 3,013 ft2 (280m2)","Less than 3,013",Less than 280,20 reviews,3.5
1010003356,Sainsburys,Sainsburys Local,Sainsburys Birmingham Colmore Row Local,Unit 1 5 St Philips Place,18 - 20 Colmore Row,Birmingham,Central Birmingham,B3 2QD,-1.897810649,52.48212952,407036.97,287138.96,Rooftop geocoded by Geolytix,0,0,"< 3,013 ft2 (280m2)","Less than 3,013",Less than 280,21 reviews,4.2
1010003357,Sainsburys,Sainsburys Local,Sainsburys Birmingham Priory Queensway Local,30 Priory Queensway,,Birmingham,Central Birmingham,B4 6BS,-1.894442723,52.48246549,407265.64,287176.66,Rooftop geocoded by Geolytix,0,0,"< 3,013 ft2 (280m2)","Less than 3,013",Less than 280,12 reviews,3.9
1010003358,Sainsburys,Sainsburys Local,Sainsburys Birmingham Navigation Street Local,89 Navigation Street,,Birmingham,Central Birmingham,B5 4AX,-1.901930691,52.47772953,406757.83,286649.14,Rooftop geocoded by Geolytix,0,0,"< 3,013 ft2 (280m2)","Less than 3,013",Less than 280,34 reviews,3.7
1010003360,Sainsburys,Sainsburys Local,Sainsburys Wylde Green Local,346 Birmingham Road,,Birmingham,Erdington,B72 1YH,-1.827112387,52.53672852,411823.75,293221.44,Rooftop geocoded by Geolytix,0,0,"< 3,013 ft2 (280m2)","Less than 3,013",Less than 280,18 reviews,4.2
1010003361,Sainsburys,Sainsburys Local,Sainsburys Sutton Coldfield Boldmere Road Local,36-38 Boldmere Road,,Birmingham,New Oscott,B73 5TD,-1.8417922880000002,52.54952821,410824.92,294642.95,Rooftop geocoded by Geolytix,0,0,"< 3,013 ft2 (280m2)","Less than 3,013",Less than 280,7 reviews,4.0
1010003362,Sainsburys,Sainsburys Local,Sainsburys Sutton Coldfield Walsall Road,58-62 Walsall Road,,Birmingham,Mere Green,B74 4QY,-1.8470553090000001,52.58963856,410458.6,299103.93,Rooftop geocoded by Geolytix,0,0,"< 3,013 ft2 (280m2)","Less than 3,013",Less than 280,13 reviews,4.0
1010004018,Tesco,Tesco,Tesco Sheldon Superstore,Coventry Road,Sheldon,Birmingham,Sheldon,B26 3DY,-1.790220191,52.45332818,414353.0,283951.0,Rooftop geocoded by Geolytix,0,0,"15,069 < 30,138 ft2 (1,400 < 2,800 m2)","Between 15,069 and 30,138","Between 1,400 and 2,800",122 reviews,3.9
1010004019,Tesco,Tesco,Tesco Quinton Superstore,Ridgacre Road,Quinton,Birmingham,Quinton,B32 1EG,-1.998360919,52.45913193,400208.39,284575.94,Rooftop geocoded by Geolytix,0,0,"15,069 < 30,138 ft2 (1,400 < 2,800 m2)","Between 15,069 and 30,138","Between 1,400 and 2,800",174 reviews,3.8
1010004020,Tesco,Tesco,Tesco Aston Lane Superstore,278-299 Aston Lane,Aston,Birmingham,Witton,B6 6QR,-1.8872480930000002,52.51272205,407749.0,290543.0,Rooftop geocoded by Geolytix,0,0,"30,138 ft2 > (2,800 m2)","Over 30,138","Over 2,800",392 reviews,3.6
1010004465,Tesco,Tesco Express,Tesco Bathrow Birmingham Express,165 Granville Street,,Birmingham,Central Birmingham,B1 1JW,-1.9068748119999999,52.47310323,406422.69,286134.09,Rooftop geocoded by Geolytix,0,0,"< 3,013 ft2 (280m2)","Less than 3,013",Less than 280,39 reviews,3.7
1010004466,Tesco,Tesco Express,Tesco Birmingham Mailbox Express,150 Wharfside Street,The Mailbox,Birmingham,Central Birmingham,B1 1XL,-1.9055621319999998,52.47562532,406511.49,286414.75,Rooftop geocoded by Geolytix,0,0,"< 3,013 ft2 (280m2)","Less than 3,013",Less than 280,12 reviews,4.0
1010004467,Tesco,Tesco Express,Tesco Birmingham Jewellery Quarter Express,36 Frederick Street,,Birmingham,Central Birmingham,B1 3HN,-1.912937335,52.48675226,406009.06,287651.83,Rooftop geocoded by Geolytix,0,0,"< 3,013 ft2 (280m2)","Less than 3,013",Less than 280,27 reviews,3.3
1010004468,Tesco,Tesco Express,Tesco Kings Heath Express,281-289 Alcester Road South,,Birmingham,Brandwood,B14 6EB,-1.891516316,52.42122114,407474.58,280364.46,Rooftop geocoded by Geolytix,0,0,"< 3,013 ft2 (280m2)","Less than 3,013",Less than 280,23 reviews,4.0
1010004469,Tesco,Tesco Express,Tesco Edgbaston Hagley Road Express,Hagley Road,,Birmingham,Winson Green,B17 8DJ,-1.957006339,52.472980299999996,403017.44,286117.22,Rooftop geocoded by Geolytix,0,0,"< 3,013 ft2 (280m2)","Less than 3,013",Less than 280,43 reviews,4.0
1010004470,Tesco,Tesco Express,Tesco Birmingham Hockley Express,Great Hampton Street,,Birmingham,Central Birmingham,B18 6BB,-1.9080912730000001,52.48904806,406337.81,287907.61,Rooftop geocoded by Geolytix,0,0,"< 3,013 ft2 (280m2)","Less than 3,013",Less than 280,27 reviews,2.3
1010004471,Tesco,Tesco Express,Tesco Handsworth Oxhill Road Express,Oxhill Road,Handsworth,Birmingham,Handsworth,B21 9RR,-1.937391382,52.51358562,404345.92,290634.94,Rooftop geocoded by Geolytix,0,0,"< 3,013 ft2 (280m2)","Less than 3,013",Less than 280,68 reviews,4.0
1010004472,Tesco,Tesco Express,Tesco Erdington Express,125 Sutton Road,Erdington,Birmingham,Erdington,B23 5TW,-1.82820375,52.53360568,411750.55,292873.89,Rooftop geocoded by Geolytix,0,0,"< 3,013 ft2 (280m2)","Less than 3,013",Less than 280,26 reviews,4.2
1010004473,Tesco,Tesco Express,Tesco Erdington Six Ways Express,"Queens Court, Six Ways",Erdington,Birmingham,Erdington,B23 7NR,-1.845000635,52.52174859,410613.99,291552.38,Rooftop geocoded by Geolytix,0,0,"< 3,013 ft2 (280m2)","Less than 3,013",Less than 280,59 reviews,4.0
1010004474,Tesco,Tesco Express,Tesco Birmingham Pallasades Express,19-21 The Pallasades,,Birmingham,Central Birmingham,B2 4XA,-1.8986080969999999,52.47726951,406983.57,286598.28,Rooftop geocoded by Geolytix,0,0,"< 3,013 ft2 (280m2)","Less than 3,013",Less than 280,6 reviews,3.5
1010004475,Tesco,Tesco Express,Tesco Robin Hood Express,200 Robin Hood Lane,,Birmingham,Hall Green,B28 0LG,-1.848351769,52.42401659,410409.39,280680.68,Rooftop geocoded by Geolytix,0,0,"< 3,013 ft2 (280m2)","Less than 3,013",Less than 280,25 reviews,4.2
1010004476,Tesco,Tesco Express,Tesco Hall Green Stratford Express,1184 Stratford Road,Earlsdon,Birmingham,Hall Green,B28 8AB,-1.846303391,52.43741667,410545.52,282171.52,Rooftop geocoded by Geolytix,0,0,"< 3,013 ft2 (280m2)","Less than 3,013",Less than 280,44 reviews,3.6
1010004477,Tesco,Tesco Express,Tesco Birmingham Bristol Road Express,581 Bristol Road,Kingston Park,Birmingham,Selly Oak,B29 6BE,-1.934323264,52.44542981,404561.0,283053.8,Rooftop geocoded by Geolytix,0,0,"< 3,013 ft2 (280m2)","Less than 3,013",Less than 280,17 reviews,4.2
1010004479,Tesco,Tesco Express,Tesco West Heath Birmingham Express,6 Redhill Road,,Birmingham,Longbridge,B31 3LD,-1.9608307280000001,52.40002316,402762.03,278001.73,Rooftop geocoded by Geolytix,0,0,"< 3,013 ft2 (280m2)","Less than 3,013",Less than 280,49 reviews,3.6
1010004480,Tesco,Tesco Express,Tesco Birmingham Frankley Express,414 Frankley Beeches Road,,Birmingham,Rubery,B31 5NJ,-1.9954923219999998,52.40790102,400403.64,278877.31,Rooftop geocoded by Geolytix,0,0,"< 3,013 ft2 (280m2)","Less than 3,013",Less than 280,33 reviews,3.9
1010004481,Tesco,Tesco Express,Tesco Birmingham Colemore Express,8 Colemore Row,,Birmingham,Central Birmingham,B3 2QD,-1.89733894,52.48228760000001,407068.98,287156.59,Rooftop geocoded by Geolytix,0,0,"< 3,013 ft2 (280m2)","Less than 3,013",Less than 280,15 reviews,4.0
1010004483,Tesco,Tesco Express,Tesco Castle Bromwich Express,32-36 Chipperfield Road,Bromford,Birmingham,Hodge Hill,B36 8BL,-1.803103533,52.5013485,413462.95,289290.08,Rooftop geocoded by Geolytix,0,0,"< 3,013 ft2 (280m2)","Less than 3,013",Less than 280,28 reviews,3.9
1010004485,Tesco,Tesco Express,Tesco Kingstanding Birmingham Express,236 Hawthorn Road,Kingstanding,Birmingham,Old Oscott,B44 8PP,-1.8849161280000002,52.54092721,407902.27,293680.68,Rooftop geocoded by Geolytix,0,0,"< 3,013 ft2 (280m2)","Less than 3,013",Less than 280,32 reviews,4.2
1010004489,Tesco,Tesco Express,Tesco Birmingham Corporation Street Express,Old Square,Corporation Street,Birmingham,Central Birmingham,B4 6TB,-1.894000271,52.48226768,407295.72,287154.7,Rooftop geocoded by Geolytix,0,0,"< 3,013 ft2 (280m2)","Less than 3,013",Less than 280,32 reviews,3.7
1010004491,Tesco,Tesco Express,Tesco University Express,Aston Street,Aston University,Birmingham,Central Birmingham,B4 7ET,-1.890665885,52.48534002,407521.65,287496.79,Rooftop geocoded by Geolytix,0,0,"< 3,013 ft2 (280m2)","Less than 3,013",Less than 280,38 reviews,3.6
1010004492,Tesco,Tesco Express,Tesco Birmingham Carrs Lane Express,Carrs Lane,,Birmingham,Central Birmingham,B4 7SS,-1.893798469,52.47978411,407309.83,286878.46,Rooftop geocoded by Geolytix,0,0,"< 3,013 ft2 (280m2)","Less than 3,013",Less than 280,28 reviews,2.6
1010004494,Tesco,Tesco Express,Tesco Birmingham Hurst Street Express,"Commercial Unit 3, Southside",Hurst Street,Birmingham,Central Birmingham,B5 4TP,-1.8964029230000001,52.47353317,407133.94,286182.88,Rooftop geocoded by Geolytix,0,0,"< 3,013 ft2 (280m2)","Less than 3,013",Less than 280,29 reviews,3.6
1010004503,Tesco,Tesco Express,Tesco Birmingham Road Sutton Express,3 Maney Corner,Birmingham Road,Birmingham,Sutton Coldfield,B72 1QL,-1.826238546,52.55733921,411877.51,295514.24,Rooftop geocoded by Geolytix,0,0,"< 3,013 ft2 (280m2)","Less than 3,013",Less than 280,15 reviews,3.9
1010004504,Tesco,Tesco Express,Tesco Boldmere Road Express,120 Boldmere Road,Dragonville Industrial Estate,Birmingham,New Oscott,B73 5UB,-1.8411093859999998,52.54693768,410871.86,294354.89,Rooftop geocoded by Geolytix,0,0,"< 3,013 ft2 (280m2)","Less than 3,013",Less than 280,22 reviews,4.0
1010004506,Tesco,Tesco Express,Tesco Walsall Road Express,78-82 Walsall Road,,Birmingham,Mere Green,B74 4QY,-1.8479503019999999,52.59018135,410397.84,299164.18,Rooftop geocoded by Geolytix,0,0,"< 3,013 ft2 (280m2)","Less than 3,013",Less than 280,14 reviews,4.0
1010005929,Tesco,Tesco Express Esso,Tesco Birmingham Weoley Esso Express,Barnes Hill,California,Birmingham,Bartley Green,B29 5UJ,-1.979246677,52.44056797,401507.75,282511.18,Rooftop geocoded by Geolytix,0,0,"< 3,013 ft2 (280m2)","Less than 3,013",Less than 280,9 reviews,4.0
1010005930,Tesco,Tesco Express Esso,Tesco Selly Oak Bristol Road Esso Express,479 Bristol Road,Bournbrook,Birmingham,Selly Oak,B29 6BA,-1.930857646,52.446702,404796.42,283195.53,Rooftop geocoded by Geolytix,0,0,"< 3,013 ft2 (280m2)","Less than 3,013",Less than 280,53 reviews,3.8
1010005931,Tesco,Tesco Express Esso,Tesco Birmingham Bournville Esso Express,Linden Road,,Birmingham,Bournville,B30 1PA,-1.93266472,52.42323961,404676.02,280585.59,Rooftop geocoded by Geolytix,0,0,"< 3,013 ft2 (280m2)","Less than 3,013",Less than 280,19 reviews,3.6
1010005932,Tesco,Tesco Express Esso,Tesco Whitehouse Sutton Coldfield Esso Express,Whitehouse Common Road,,Birmingham,Sutton Coldfield,B75 6HD,-1.802384521,52.57111987,413490.54,297051.31,Rooftop geocoded by Geolytix,0,0,"< 3,013 ft2 (280m2)","Less than 3,013",Less than 280,21 reviews,4.5
1010006127,Tesco,Tesco Extra,Tesco New Oscott Extra,11 Princess Alice Drive,Sutton Coldfield,Birmingham,New Oscott,B73 6RB,-1.858116408,52.54954032,409718.0,294642.0,Rooftop geocoded by Geolytix,0,0,"30,138 ft2 > (2,800 m2)","Over 30,138","Over 2,800",311 reviews,4.1
1010006348,Tesco,Tesco Metro,Tesco Birmingham Caxton Metro,Caxton Gate,New Street,Birmingham,Central Birmingham,B2 5AE,-1.8990827119999998,52.47936107,406951.01,286830.89,Rooftop geocoded by Geolytix,0,0,"3,013 < 15,069 ft2 (280 < 1,400 m2)","Between 3,013 and 15,069","Between 280 and 1,400",101 reviews,3.7
1010006349,Tesco,Tesco Metro,Tesco Castle Bromwich Metro,2 Timberley Lane,Castle Bromwich,Birmingham,Castle Bromwich,B34 7EH,-1.77072842,52.50156312,415660.59,289320.43,Rooftop geocoded by Geolytix,0,0,"3,013 < 15,069 ft2 (280 < 1,400 m2)","Between 3,013 and 15,069","Between 280 and 1,400",39 reviews,4.0
1010006509,Waitrose,Little Waitrose,Little Waitrose Colmore Row Birmingham,1 Colmore Row,,Birmingham,Central Birmingham,B3 2BJ,-1.8976271530000002,52.48274684,407049.3346,287207.6454,Rooftop geocoded by Geolytix,20120320,0,"3,013 < 15,069 ft2 (280 < 1,400 m2)","Between 3,013 and 15,069","Between 280 and 1,400",263 reviews,4.1
1010006562,Waitrose,Waitrose,Waitrose Harborne,210 High Street,Harborne,Birmingham,Harborne,B17 9PP,-1.949714401,52.45813929999999,403513.9,284466.7,Rooftop geocoded by Geolytix,0,0,"15,069 < 30,138 ft2 (1,400 < 2,800 m2)","Between 15,069 and 30,138","Between 1,400 and 2,800",146 reviews,4.1
1010006563,Waitrose,Waitrose,Waitrose Hall Green,1132 Stratford Road,Hall Green,Birmingham,Hall Green,B28 9EF,-1.8414729859999999,52.42800339,410876.19,281125.15,Rooftop geocoded by Geolytix,0,0,"15,069 < 30,138 ft2 (1,400 < 2,800 m2)","Between 15,069 and 30,138","Between 1,400 and 2,800",97 reviews,4.4
1010006566,Waitrose,Waitrose,Waitrose Four Oaks,7 Highgate Centre,Bellwell Lane,Birmingham,Mere Green,B74 4AB,-1.8317334769999998,52.58765427,411497.12,298885.51,Rooftop geocoded by Geolytix,0,0,"3,013 < 15,069 ft2 (280 < 1,400 m2)","Between 3,013 and 15,069","Between 280 and 1,400",32 reviews,4.2
1010006883,Lidl,Lidl,Lidl Sparkbrook Birmingham,579 Moseley Road,,Birmingham,Sparkbrook,B12 9BS,-1.8866651209999998,52.45554043,407798.52,284182.45,Rooftop geocoded by Geolytix,0,0,"3,013 < 15,069 ft2 (280 < 1,400 m2)","Between 3,013 and 15,069","Between 280 and 1,400",944 reviews,4.2
1010006884,Lidl,Lidl,Lidl Moseley Birmingham,20-28 Silver Street,,Birmingham,Moseley,B14 7QU,-1.894416298,52.43395078,407275.3,281780.14,Rooftop geocoded by Geolytix,20171019,0,"3,013 < 15,069 ft2 (280 < 1,400 m2)","Between 3,013 and 15,069","Between 280 and 1,400",696 reviews,4.2
1010006885,Lidl,Lidl,Lidl Winson Green Birmingham,167-193 Dudley Road,,Birmingham,Winson Green,B18 7QX,-1.936345199,52.48704122,404419.51,287682.32,Rooftop geocoded by Geolytix,0,0,"3,013 < 15,069 ft2 (280 < 1,400 m2)","Between 3,013 and 15,069","Between 280 and 1,400","1,312 reviews",4.1
1010006886,Lidl,Lidl,Lidl Handsworth Birmingham,397 Soho Road,,Birmingham,Handsworth,B21 9SF,-1.9417615559999999,52.50397735,404050.2,289565.91,Rooftop geocoded by Geolytix,0,0,"3,013 < 15,069 ft2 (280 < 1,400 m2)","Between 3,013 and 15,069","Between 280 and 1,400",678 reviews,4.1
1010006887,Lidl,Lidl,Lidl Tyburn Birmingham,640 Kingsbury Road,,Birmingham,Tyburn,B24 9PJ,-1.820114409,52.51740386,412303.76,291073.0,Rooftop geocoded by Geolytix,0,0,"3,013 < 15,069 ft2 (280 < 1,400 m2)","Between 3,013 and 15,069","Between 280 and 1,400",857 reviews,4.2
1010006888,Lidl,Lidl,Lidl Acocks Green Birmingham,Oulton Boulevard East,,Birmingham,Acocks Green,B27 7RR,-1.833840799,52.44416879,411391.02,282924.46,Rooftop geocoded by Geolytix,0,0,"3,013 < 15,069 ft2 (280 < 1,400 m2)","Between 3,013 and 15,069","Between 280 and 1,400",841 reviews,4.1
1010006889,Lidl,Lidl,Lidl Stetchford Birmingham,317 Mackadown Lane,,Birmingham,Stetchford,B33 0NG,-1.7724383730000002,52.48026345,415551.97,286950.79,Rooftop geocoded by Geolytix,0,0,"3,013 < 15,069 ft2 (280 < 1,400 m2)","Between 3,013 and 15,069","Between 280 and 1,400",988 reviews,4.1
1010006895,Lidl,Lidl,Lidl New Oscott Birmingham,33 Kings Road,,Birmingham,New Oscott,B73 5AB,-1.861061365,52.54816611,409518.6,294488.75,Rooftop geocoded by Geolytix,0,0,"3,013 < 15,069 ft2 (280 < 1,400 m2)","Between 3,013 and 15,069","Between 280 and 1,400",594 reviews,4.2
1010006897,Lidl,Lidl,Lidl Bordesley Birmingham,Bordesley Green,,Birmingham,Bordesley,B9 5LE,-1.849233156,52.47816563,410336.91,286703.8,Rooftop geocoded by Geolytix,0,0,"3,013 < 15,069 ft2 (280 < 1,400 m2)","Between 3,013 and 15,069","Between 280 and 1,400",627 reviews,4.1
1010007520,Costco,Costco,Costco Birmingham,100 Watson Road,,Birmingham,Nechells,B7 5SA,-1.8566037309999999,52.50534212,409830.32,289725.77,Rooftop geocoded by Geolytix,0,0,"30,138 ft2 > (2,800 m2)","Over 30,138","Over 2,800",912 reviews,4.3
1010008361,The Co-operative Group,The Co-operative Food,Co-op Hagley Road,Hagley Road,Hagley Road West,Birmingham,Brandhall,B32 2AL,-1.986369974,52.46507842,401023.0284,285237.4796,Rooftop geocoded by Geolytix,0,0,"3,013 < 15,069 ft2 (280 < 1,400 m2)","Between 3,013 and 15,069","Between 280 and 1,400",9 reviews,4.7
1010009403,The Co-operative Group,The Co-operative Food PFS,Co-op Petrol Harbourne,High Street,,Birmingham,Harborne,B17 9QG,-1.952631943,52.45846579999999,403315.6307,284502.8854,Rooftop geocoded by Geolytix,0,0,"< 3,013 ft2 (280m2)","Less than 3,013",Less than 280,12 reviews,3.8
1010009404,The Co-operative Group,The Co-operative Food,Co-op Moseley Birmingham,154/158 Alcester Road,Moseley,Birmingham,Moseley,B13 8HS,-1.8877079140000002,52.44776102,407729.0,283317.0,Rooftop geocoded by Geolytix,0,0,"3,013 < 15,069 ft2 (280 < 1,400 m2)","Between 3,013 and 15,069","Between 280 and 1,400",237 reviews,3.8
1010009406,The Co-operative Group,The Co-operative Food,Co-op Yardley Wood,1034-1036 Yardley Wood Road,Warstock,Birmingham,Warstock,B14 4BW,-1.869503488,52.41473869,408972.89,279645.86,Rooftop geocoded by Geolytix,0,0,"3,013 < 15,069 ft2 (280 < 1,400 m2)","Between 3,013 and 15,069","Between 280 and 1,400",180 reviews,3.8
1010009408,The Co-operative Group,The Co-operative Food,Co-op Northfield - Turves Green,114-116 Turves Green,Northfield,Birmingham,Longbridge,B31 4BL,-1.9690453940000001,52.40241038,402203.0,278267.0,Rooftop geocoded by Geolytix,0,0,"3,013 < 15,069 ft2 (280 < 1,400 m2)","Between 3,013 and 15,069","Between 280 and 1,400",24 reviews,3.7
1010010184,The Co-operative Group,The Co-operative Food,Co-op Handsworth Wood,10 Church Lane,Handsworth Wood,Birmingham,Handsworth,B20 2EP,-1.933014837,52.51348733,404642.9405,290624.2722,Rooftop geocoded by Geolytix,0,0,"3,013 < 15,069 ft2 (280 < 1,400 m2)","Between 3,013 and 15,069","Between 280 and 1,400",68 reviews,3.8
1010010284,The Co-operative Group,The Co-operative Food,Co-op Edgbaston - Wheeleys Road,Wheeleys Road,,Birmingham,Edgbaston,B15 2LJ,-1.914062365,52.46548318,405935.47,285285.87,Rooftop geocoded by Geolytix,0,0,"< 3,013 ft2 (280m2)","Less than 3,013",Less than 280,18 reviews,4.3
1010010416,Tesco,Tesco,Tesco Birmingham Springhill Superstore,Camden Street,Hockley,Birmingham,Winson Green,B18 7BH,-1.919847897,52.48557468,405539.94,287520.3,Rooftop geocoded by Geolytix,0,0,"30,138 ft2 > (2,800 m2)","Over 30,138","Over 2,800",521 reviews,4.1
1010010423,Tesco,Tesco Extra,Tesco Yardley Extra,Swan Shopping Centre,Coventry Road,Birmingham,Yardley,B26 1AD,-1.813220928,52.46246462,412787.3196,284963.0051,Rooftop geocoded by Geolytix,0,0,"30,138 ft2 > (2,800 m2)","Over 30,138","Over 2,800",248 reviews,4.0
1010010428,Tesco,Tesco,Tesco Birmingham Hodge Hill Superstore,Coleshill Road,Hodge Hill,Birmingham,Hodge Hill,B36 8DT,-1.818073745,52.49462422,412448.61,288539.44,Rooftop geocoded by Geolytix,0,0,"30,138 ft2 > (2,800 m2)","Over 30,138","Over 2,800",318 reviews,3.7
1010010504,Sainsburys,Sainsburys,Sainsburys Longbridge,Longbridge Lane,,Birmingham,Longbridge,B31 2TW,-1.983402075,52.3960096,401226.4,277554.7,Rooftop geocoded by Geolytix,0,0,"30,138 ft2 > (2,800 m2)","Over 30,138","Over 2,800",889 reviews,4.1
1010010696,Aldi,Aldi,Aldi Hall Green Birmingham,Stratford Road,,Birmingham,Hall Green,B28 9EH,-1.840595319,52.42701394,410936.11,281015.22,Rooftop geocoded by Geolytix,0,0,"3,013 < 15,069 ft2 (280 < 1,400 m2)","Between 3,013 and 15,069","Between 280 and 1,400",740 reviews,4.3
1010011033,Iceland,Iceland,Iceland Washwood Heath,The Fox Goose Centre,,Birmingham,Hodge Hill,B8 2EP,-1.8199681980000002,52.49397192,412320.17,288466.56,Rooftop geocoded by Geolytix,0,0,"3,013 < 15,069 ft2 (280 < 1,400 m2)","Between 3,013 and 15,069","Between 280 and 1,400",187 reviews,4.2
1010011143,Iceland,Iceland,Iceland Sutton Coldfield,Maney Corner,Birmingham Road,Birmingham,Sutton Coldfield,B72 1QL,-1.8259932890000001,52.5571809,411894.18,295496.67,Rooftop geocoded by Geolytix,0,0,"3,013 < 15,069 ft2 (280 < 1,400 m2)","Between 3,013 and 15,069","Between 280 and 1,400",195 reviews,4.2
1010011205,Iceland,Iceland,Iceland Birmingham St Andrews,Unit 5 St Andrews Shopping Park,Coventry Road,Birmingham,Bordesley,B10 0XA,-1.866564846,52.47428916,409160.56,286270.29,Rooftop geocoded by Geolytix,0,0,"3,013 < 15,069 ft2 (280 < 1,400 m2)","Between 3,013 and 15,069","Between 280 and 1,400",83 reviews,4.4
1010011264,Iceland,Iceland,Iceland Erdington High Street,194-198 High Street,,Birmingham,Erdington,B23 6SJ,-1.84072087,52.52264065,410904.16,291652.24,Rooftop geocoded by Geolytix,0,0,"3,013 < 15,069 ft2 (280 < 1,400 m2)","Between 3,013 and 15,069","Between 280 and 1,400",242 reviews,4.1
1010011265,Iceland,Iceland,Iceland Sheldon,2154 Coventry Road,,Birmingham,Sheldon,B26 3JB,-1.784583986,52.45299155,414736.13,283914.68,Rooftop geocoded by Geolytix,0,0,"3,013 < 15,069 ft2 (280 < 1,400 m2)","Between 3,013 and 15,069","Between 280 and 1,400",215 reviews,4.2
1010011266,Iceland,Iceland,Iceland Handsworth,210-214 Soho Road,,Birmingham,Handsworth,B21 9LR,-1.935267485,52.50368128,404491.04,289533.35,Rooftop geocoded by Geolytix,0,0,"3,013 < 15,069 ft2 (280 < 1,400 m2)","Between 3,013 and 15,069","Between 280 and 1,400",321 reviews,4.1
1010011268,Iceland,Iceland,Iceland Kingstanding,557 Kingstanding Road,,Birmingham,Kingstanding,B44 9TA,-1.884298987,52.55102061,407942.33,294803.5,Rooftop geocoded by Geolytix,0,0,"3,013 < 15,069 ft2 (280 < 1,400 m2)","Between 3,013 and 15,069","Between 280 and 1,400",294 reviews,4.2
1010011270,Iceland,Iceland,Iceland Yardley,128 Church Road,,Birmingham,Yardley,B25 8UT,-1.808711096,52.46708956,413092.37,285478.26,Rooftop geocoded by Geolytix,0,0,"3,013 < 15,069 ft2 (280 < 1,400 m2)","Between 3,013 and 15,069","Between 280 and 1,400",122 reviews,4.2
1010011271,Iceland,Iceland,Iceland Northfield,Unit 12 Grosvenor Centre,,Birmingham,Northfield,B31 2JU,-1.9681261419999998,52.41683865,402264.84,279871.94,Rooftop geocoded by Geolytix,0,0,"3,013 < 15,069 ft2 (280 < 1,400 m2)","Between 3,013 and 15,069","Between 280 and 1,400",194 reviews,4.2
1010011273,Iceland,Iceland,Iceland Kings Heath,Unit 10 Scotts Corner,,Birmingham,Moseley,B14 7EG,-1.89187318,52.43375970000001,407448.23,281759.14,Rooftop geocoded by Geolytix,0,0,"3,013 < 15,069 ft2 (280 < 1,400 m2)","Between 3,013 and 15,069","Between 280 and 1,400",229 reviews,4.2
1010011635,Central England Co-operative,The Co-operative Food,Co-op Dads Lane Birmingham,52-54 Dads Lane,,Birmingham,Moseley,B13 8PG,-1.90831016,52.43701931,406330.27,282120.18,Rooftop geocoded by Geolytix,0,0,"< 3,013 ft2 (280m2)","Less than 3,013",Less than 280,7 reviews,4.6
1010011636,Central England Co-operative,The Co-operative Food,Co-op Harborne,435-437 Court Oak Road,,Birmingham,Quinton,B32 2DX,-1.9826624769999999,52.46094938,401275.02,284778.24,Rooftop geocoded by Geolytix,0,0,"< 3,013 ft2 (280m2)","Less than 3,013",Less than 280,9 reviews,3.8
1010011637,Central England Co-operative,The Co-operative Food,Co-op Stirchley Birmingham,4 Hazelwell Street,,Birmingham,Stirchley,B30 2YY,-1.92200304,52.43033467,405400.2,281375.53,Rooftop geocoded by Geolytix,0,0,"15,069 < 30,138 ft2 (1,400 < 2,800 m2)","Between 15,069 and 30,138","Between 1,400 and 2,800",315 reviews,3.7
1010011638,Central England Co-operative,The Co-operative Food,Co-op Kings Heath,270 Vicarage Road,,Birmingham,Stirchley,B14 7NH,-1.9060576359999999,52.42793941,406484.71,281110.38,Rooftop geocoded by Geolytix,0,0,"< 3,013 ft2 (280m2)","Less than 3,013",Less than 280,3 reviews,4.3
1010011639,Central England Co-operative,The Co-operative Food,Co-op Sparkhill Birmingham,218 Swanshurts Lane,,Birmingham,Sparkhill,B13 0AW,-1.857904209,52.43384538,409757.66,281772.66,Rooftop geocoded by Geolytix,0,0,"< 3,013 ft2 (280m2)","Less than 3,013",Less than 280,11 reviews,3.7
1010011641,Central England Co-operative,The Co-operative Food,Co-op Quinton Birmingham,141-143 Quinton Road West,,Birmingham,Quinton,B32 2RE,-1.989105156,52.45305737,400837.4,283900.29,Rooftop geocoded by Geolytix,0,0,"< 3,013 ft2 (280m2)","Less than 3,013",Less than 280,7 reviews,2.3
1010011642,Central England Co-operative,The Co-operative Food,Co-op Walsall Road Great Barr,606-608 Walsall Road,,Birmingham,Great Barr,B42 1EZ,-1.919534455,52.53482733,405555.14,292998.98,Rooftop geocoded by Geolytix,0,0,"3,013 < 15,069 ft2 (280 < 1,400 m2)","Between 3,013 and 15,069","Between 280 and 1,400",27 reviews,3.5
1010011644,Central England Co-operative,The Co-operative Food,Co-op Yardley,Unit 2 Yew Tree Retail Park,Stoney Lane,Birmingham,Yardley,B25 8YP,-1.8107460080000002,52.4671821,412954.1,285488.19,Rooftop geocoded by Geolytix,0,0,"3,013 < 15,069 ft2 (280 < 1,400 m2)","Between 3,013 and 15,069","Between 280 and 1,400",39 reviews,3.4
1010011645,Central England Co-operative,The Co-operative Food,Co-op Hawthorn Road Kingstanding,109-119 Hawthorn Road,,Birmingham,Kingstanding,B44 8QT,-1.880120613,52.53860146,408227.94,293422.5,Rooftop geocoded by Geolytix,0,0,"3,013 < 15,069 ft2 (280 < 1,400 m2)","Between 3,013 and 15,069","Between 280 and 1,400",4 reviews,4.0
1010011646,Central England Co-operative,The Co-operative Food,Co-op High Street Erdington,80 High Street,,Birmingham,Erdington,B23 6RS,-1.8369853040000002,52.52514753,411156.99,291931.66,Rooftop geocoded by Geolytix,0,0,"15,069 < 30,138 ft2 (1,400 < 2,800 m2)","Between 15,069 and 30,138","Between 1,400 and 2,800",330 reviews,3.9
1010011647,Central England Co-operative,The Co-operative Food,Co-op Cotteridge,1876 Pershore Road,,Birmingham,Bournville,B30 3AS,-1.92888226,52.41598782,404934.03,279779.19,Rooftop geocoded by Geolytix,0,0,"3,013 < 15,069 ft2 (280 < 1,400 m2)","Between 3,013 and 15,069","Between 280 and 1,400",110 reviews,3.8
1010011648,Central England Co-operative,The Co-operative Food,Co-op Dyas Road Great Barr,196 Dyas Road,,Birmingham,Old Oscott,B44 8SX,-1.895044661,52.54410562,407214.82,294033.19,Rooftop geocoded by Geolytix,0,0,"< 3,013 ft2 (280m2)","Less than 3,013",Less than 280,14 reviews,3.8
1010011649,Central England Co-operative,The Co-operative Food,Co-op Northfield,Gospel Lane,,Birmingham,Hall Green,B27 7AR,-1.8249697580000002,52.429791200000004,411997.86,281326.6,Rooftop geocoded by Geolytix,0,0,"< 3,013 ft2 (280m2)","Less than 3,013",Less than 280,8 reviews,3.3
1010011650,Central England Co-operative,The Co-operative Food,Co-op Kents Moat,87 Pool Way,,Birmingham,Lyndon Green,B33 8NF,-1.7883144519999998,52.47608809,414475.1,286483.07,Rooftop geocoded by Geolytix,0,0,"3,013 < 15,069 ft2 (280 < 1,400 m2)","Between 3,013 and 15,069","Between 280 and 1,400",1 review,3.0
1010011652,Central England Co-operative,The Co-operative Food,Co-op Maypole,1015 Alcester Road South,,Birmingham,Warstock,B14 5JA,-1.886915651,52.40586226,407790.12,278656.51,Rooftop geocoded by Geolytix,0,0,"< 3,013 ft2 (280m2)","Less than 3,013",Less than 280,2 reviews,3.0
1010011654,Central England Co-operative,The Co-operative Food,Co-op Sutton Coldfield,441-447 Birmingham Road,,Birmingham,Erdington,B72 1AX,-1.8269186659999999,52.53511303,411837.32,293041.77,Rooftop geocoded by Geolytix,0,0,"3,013 < 15,069 ft2 (280 < 1,400 m2)","Between 3,013 and 15,069","Between 280 and 1,400",47 reviews,4.0
1010011719,Central England Co-operative,The Co-operative Food,Co-op Coventry Road,Coventry Road,,Birmingham,Sheldon,B26 3JE,-1.7825022830000001,52.45223474,414877.85,283830.92,Rooftop geocoded by Geolytix,0,0,"< 3,013 ft2 (280m2)","Less than 3,013",Less than 280,1 review,2.0
1010011720,Central England Co-operative,The Co-operative Food,Co-op Church Road Lyndon Green Birmingham,270-274 Church Road,,Birmingham,Lyndon Green,B26 3YH,-1.776678622,52.46358484,415269.72,285094.65,Rooftop geocoded by Geolytix,0,0,"< 3,013 ft2 (280m2)","Less than 3,013",Less than 280,7 reviews,3.1
1010011722,Central England Co-operative,The Co-operative Food,Co-op Kingstanding Road Kingstanding,679 Kingstanding Road,,Birmingham,Kingstanding,B44 9RH,-1.883261701,52.55422151,408012.09,295159.67,Rooftop geocoded by Geolytix,0,0,"3,013 < 15,069 ft2 (280 < 1,400 m2)","Between 3,013 and 15,069","Between 280 and 1,400",8 reviews,4.0
1010011770,Central England Co-operative,The Co-operative Food,Co-op Walmley,4 Walmley Close,,Birmingham,Walmley,B76 1NQ,-1.800810007,52.54008273,413606.77,293599.14,Rooftop geocoded by Geolytix,0,0,"< 3,013 ft2 (280m2)","Less than 3,013",Less than 280,4 reviews,4.3
1010011776,Central England Co-operative,The Co-operative Food,Co-op West Heath,17 Alvechurch Road,,Birmingham,Longbridge,B31 3JW,-1.960897119,52.39806092,402757.63,277783.46,Rooftop geocoded by Geolytix,0,0,"< 3,013 ft2 (280m2)","Less than 3,013",Less than 280,5 reviews,3.0
1010011788,Central England Co-operative,The Co-operative Food,Co-op Longbridge Birmingham,30 West Heath Road,,Birmingham,Longbridge,B31 3TG,-1.964266298,52.40730728,402527.88,278811.85,Rooftop geocoded by Geolytix,0,0,"3,013 < 15,069 ft2 (280 < 1,400 m2)","Between 3,013 and 15,069","Between 280 and 1,400",83 reviews,3.6
1010012527,Midcounties Co-operative,The Co-operative Food,Co-op Hollyfield Road Food,Hollyfield Road South,,Birmingham,Sutton Coldfield,B76 8NY,-1.802672038,52.56003803,413474.42,295818.55,Rooftop geocoded by Geolytix,0,0,"3,013 < 15,069 ft2 (280 < 1,400 m2)","Between 3,013 and 15,069","Between 280 and 1,400",97 reviews,3.8
1010012808,Marks and Spencer,Marks and Spencer,M&S Longbridge,20 High Street,,Birmingham,Longbridge,B31 2UQ,-1.9840582480000002,52.39425944,401181.7928,277360.0133,Rooftop geocoded by Geolytix,20151104,0,"15,069 < 30,138 ft2 (1,400 < 2,800 m2)","Between 15,069 and 30,138","Between 1,400 and 2,800","1,427 reviews",4.3
1010012850,Farmfoods,Farmfoods,Farmfoods Kingstanding Birmingham,12-15 The Kingstanding Centre,,Birmingham,Kingstanding,B44 9HH,-1.8861731769999999,52.55272249,407814.95,294992.61,Rooftop geocoded by Geolytix,0,0,"3,013 < 15,069 ft2 (280 < 1,400 m2)","Between 3,013 and 15,069","Between 280 and 1,400",122 reviews,4.3
1010012851,Farmfoods,Farmfoods,Farmfoods Acocks Green Birmingham,Unit 1 Aldi Shopping Centre,Warwick Road,Birmingham,Acocks Green,B27 6RH,-1.817239939,52.44486759,412519.2,283004.91,Rooftop geocoded by Geolytix,0,0,"3,013 < 15,069 ft2 (280 < 1,400 m2)","Between 3,013 and 15,069","Between 280 and 1,400",139 reviews,4.1
1010012852,Farmfoods,Farmfoods,Farmfoods Aston Birmingham,Unit 2A Newtown Shopping Centre,High Street,Birmingham,Aston,B19 2SS,-1.896754684,52.49709408,407106.31,288803.65,Rooftop geocoded by Geolytix,0,0,"3,013 < 15,069 ft2 (280 < 1,400 m2)","Between 3,013 and 15,069","Between 280 and 1,400",88 reviews,4.2
1010012854,Farmfoods,Farmfoods,Farmfoods Erdington Birmingham,Unit 3 224-232 High Street,,Birmingham,Erdington,B23 6SJ,-1.841731667,52.52234174,410835.65,291618.84,Rooftop geocoded by Geolytix,0,0,"3,013 < 15,069 ft2 (280 < 1,400 m2)","Between 3,013 and 15,069","Between 280 and 1,400",82 reviews,4.2
1010012855,Farmfoods,Farmfoods,Farmfoods Yardley Birmingham,1507 Coventry Road,,Birmingham,Yardley,B25 8LW,-1.8169194359999998,52.46162133,412536.27,284868.56,Rooftop geocoded by Geolytix,0,0,"3,013 < 15,069 ft2 (280 < 1,400 m2)","Between 3,013 and 15,069","Between 280 and 1,400",350 reviews,4.3
1010013097,Farmfoods,Farmfoods,Farmfoods Stirchley Birmingham,Hazelwell Street,,Birmingham,Stirchley,B30 2JX,-1.923030924,52.42975674,405330.38,281311.17,Rooftop geocoded by Geolytix,0,0,"3,013 < 15,069 ft2 (280 < 1,400 m2)","Between 3,013 and 15,069","Between 280 and 1,400",314 reviews,4.3
1010013231,Heron,Cooltrader,Cooltrader Erdington Birmingham,146 High Street,,Birmingham,Erdington,B23 6SJ,-1.8388261590000001,52.52371499,411032.45,291772.03,Rooftop geocoded by Geolytix,0,0,"3,013 < 15,069 ft2 (280 < 1,400 m2)","Between 3,013 and 15,069","Between 280 and 1,400",44 reviews,4.3
1010013232,Heron,Heron,Heron Perry Barr Birmingham,Unit 93 One Stop Shopping Centre,Walsall Road,Birmingham,Perry Barr,B42 1AA,-1.9028069719999998,52.51794394,406692.31,291122.33,Rooftop geocoded by Geolytix,0,0,"3,013 < 15,069 ft2 (280 < 1,400 m2)","Between 3,013 and 15,069","Between 280 and 1,400",114 reviews,4.4
1010013233,Heron,Heron,Heron Bournville Birmingham,26-28 Watford Road,,Birmingham,Bournville,B30 1JA,-1.930293513,52.41677871,404837.96,279867.07,Rooftop geocoded by Geolytix,0,0,"3,013 < 15,069 ft2 (280 < 1,400 m2)","Between 3,013 and 15,069","Between 280 and 1,400",80 reviews,4.3
1010013234,Heron,Heron,Heron Old Oscott Birmingham,232-234 Hawthorn Road,,Birmingham,Old Oscott,B44 8PT,-1.884845774,52.54087932,407907.05,293675.36,Rooftop geocoded by Geolytix,0,0,"3,013 < 15,069 ft2 (280 < 1,400 m2)","Between 3,013 and 15,069","Between 280 and 1,400",28 reviews,4.1
1010013235,Heron,Heron,Heron Weoley Castle Birmingham,110 Castle Square,,Birmingham,Weoley Castle,B29 5PT,-1.969155464,52.43708377,402193.88,282123.86,Rooftop geocoded by Geolytix,0,0,"3,013 < 15,069 ft2 (280 < 1,400 m2)","Between 3,013 and 15,069","Between 280 and 1,400",97 reviews,4.2
1010013237,Heron,Heron,Heron Northfield Birmingham,727a Bristol Road South,,Birmingham,Northfield,B31 2NG,-1.970401883,52.41639189,402110.08,279822.18,Rooftop geocoded by Geolytix,0,0,"3,013 < 15,069 ft2 (280 < 1,400 m2)","Between 3,013 and 15,069","Between 280 and 1,400",35 reviews,4.4
1010013512,Marks and Spencer,Marks and Spencer BP,M&S Penns Lane BP,Penns Lane,,Birmingham,Erdington,B72 1AY,-1.825747728,52.53655185,411916.36,293202.01,Rooftop geocoded by Geolytix,0,0,"< 3,013 ft2 (280m2)","Less than 3,013",Less than 280,2 reviews,5.0
1010013855,Lidl,Lidl,Lidl Yardley Birmingham,Coventry Road,,Birmingham,Yardley,B25 8LP,-1.822991099,52.46172429,412123.7084,284878.98699999996,Rooftop geocoded by Geolytix,20169999,0,"15,069 < 30,138 ft2 (1,400 < 2,800 m2)","Between 15,069 and 30,138","Between 1,400 and 2,800",817 reviews,4.3
1010014162,Marks and Spencer,Marks and Spencer Hospital,M&S Birmingham Heartlands Hospital,Birmingham Heartlands Hospital,Bordesley Green East,Birmingham,Alum Rock,B9 5ST,-1.827193562,52.47864397,411833.6819,286760.3556,Rooftop geocoded by Geolytix,0,0,"< 3,013 ft2 (280m2)","Less than 3,013",Less than 280,143 reviews,4.0
1010014215,Marks and Spencer,Marks and Spencer Foodhall,M&S Mere Green Foodhall,304 Lichfield Road,,Birmingham,Mere Green,B74 2UG,-1.829375826,52.58647671,411657.16,298754.8969,Rooftop geocoded by Geolytix,0,0,"3,013 < 15,069 ft2 (280 < 1,400 m2)","Between 3,013 and 15,069","Between 280 and 1,400",93 reviews,4.4
1010014256,Iceland,The Food Warehouse,Iceland Stechford Food Warehouse,Unit E Stechford Retail Park,,Birmingham,Stetchford,B33 9AN,-1.807675013,52.48663227,413156.9777,287652.2802,Rooftop geocoded by Geolytix,0,0,"3,013 < 15,069 ft2 (280 < 1,400 m2)","Between 3,013 and 15,069","Between 280 and 1,400",302 reviews,4.3
1010014294,Iceland,Iceland,Iceland Maypole Birmingham,957 Alcester Road South,,Birmingham,Warstock,B14 5JA,-1.8873012080000002,52.40664615,407763.755,278743.6642,Rooftop geocoded by Geolytix,0,0,"3,013 < 15,069 ft2 (280 < 1,400 m2)","Between 3,013 and 15,069","Between 280 and 1,400",193 reviews,4.2
1010014295,Iceland,Iceland,Iceland Harborne,61 High Street,,Birmingham,Harborne,B17 9NS,-1.9450374380000002,52.46057512,403831.4923,284737.8782,Rooftop geocoded by Geolytix,0,0,"3,013 < 15,069 ft2 (280 < 1,400 m2)","Between 3,013 and 15,069","Between 280 and 1,400",161 reviews,4.1
1010014297,Iceland,Iceland,Iceland Acocks Green,1133 Warwick Road,,Birmingham,Acocks Green,B27 6RA,-1.8208417369999998,52.44640086,412273.9641,283174.8501,Rooftop geocoded by Geolytix,0,0,"3,013 < 15,069 ft2 (280 < 1,400 m2)","Between 3,013 and 15,069","Between 280 and 1,400",132 reviews,4.3
1010014313,Iceland,Iceland,Iceland Castle Brom,18-26 Timperley Lane,,Birmingham,Castle Bromwich,B34 7EH,-1.7713311809999999,52.5012483,415619.7838,289285.2814,Rooftop geocoded by Geolytix,0,0,"3,013 < 15,069 ft2 (280 < 1,400 m2)","Between 3,013 and 15,069","Between 280 and 1,400",121 reviews,4.1
1010014500,The Co-operative Group,The Co-operative Food,Co-op Birmingham - Newhall Square,7 Newhall Square,,Birmingham,Central Birmingham,B3 1RU,-1.906981665,52.48341601,406413.959,287281.2236,Rooftop geocoded by Geolytix,0,0,"3,013 < 15,069 ft2 (280 < 1,400 m2)","Between 3,013 and 15,069","Between 280 and 1,400",44 reviews,4.1
1010014633,Central England Co-operative,The Co-operative Food,Co-op Shard End,121 Shard End Crescent,,Birmingham,Castle Bromwich,B34 7AZ,-1.777573193,52.49498702,415198.1997,288587.4832,Rooftop geocoded by Geolytix,0,0,"3,013 < 15,069 ft2 (280 < 1,400 m2)","Between 3,013 and 15,069","Between 280 and 1,400",14 reviews,3.5
1010014634,Central England Co-operative,The Co-operative Food,Co-op Kings Norton,The Green,,Birmingham,Kings Norton,B38 8SD,-1.9283794840000001,52.40798412,404969.1046,278888.9408,Rooftop geocoded by Geolytix,0,0,"< 3,013 ft2 (280m2)","Less than 3,013",Less than 280,6 reviews,4.7
1010014911,Marks and Spencer,Marks and Spencer Foodhall,M&S Moseley Foodhall,St Mary's Row,,Birmingham,Moseley,B13 9EF,-1.8852995680000002,52.44566094,407893.0543,283083.6555,Rooftop geocoded by Geolytix,20170927,0,"3,013 < 15,069 ft2 (280 < 1,400 m2)","Between 3,013 and 15,069","Between 280 and 1,400",290 reviews,4.4
1010015022,Morrisons,Morrisons,Morrisons Acocks Green Birmingham,1149 Warwick Road,,Birmingham,Acocks Green,B27 6RA,-1.820390154,52.44581452,412304.8189,283109.7056,Rooftop geocoded by Geolytix,20180899,0,"15,069 < 30,138 ft2 (1,400 < 2,800 m2)","Between 15,069 and 30,138","Between 1,400 and 2,800",147 reviews,4.1
1010015238,Marks and Spencer,Marks and Spencer BP,M&S Kensington BP,705-719 Pershore Road,,Birmingham,Selly Oak,B29 7NY,-1.915396965,52.44438376,405847.5388,282938.7748,Rooftop geocoded by Geolytix,20189999,0,"< 3,013 ft2 (280m2)","Less than 3,013",Less than 280,15 reviews,3.7
1010015303,Tesco,Jacks,Jacks Bristol Road Rubery,Bristol Road South,,Birmingham,Rubery,B45 9JL,-2.014428904,52.39446343,399115.1405,277382.6901,Rooftop geocoded by Geolytix,20181018,0,"3,013 < 15,069 ft2 (280 < 1,400 m2)","Between 3,013 and 15,069","Between 280 and 1,400",54 reviews,4.1
